product_id,rating_count,avg_rating,name,category,price
10,3,4.666666666666667,Tai Nghe Chống Ồn,Electronics,129.0
2,3,4.666666666666667,Bàn Phím Cơ,Electronics,79.9
7,3,4.333333333333333,Quần Jean Slim Fit,Clothing,42.0
1,3,4.0,Chuột Không Dây,Electronics,19.99
5,3,4.0,Cốc Sứ,Home,8.99
8,3,3.3333333333333335,Sách Khoa Học Dữ Liệu,Books,35.0
9,2,4.5,Tiểu Thuyết: Người Lữ Hành,Books,12.5
4,2,4.5,Bình Nước Inox,Home,24.0
3,2,4.0,Cáp USB-C,Electronics,9.5
6,2,3.5,Áo Thun Thể Thao,Clothing,15.0
